{
  "RandomForest": {
    "R2": 0.9968803623583348,
    "RMSE": 0.04198625419935532,
    "MAE": 0.022513189119752898,
    "CV_R2": 0.9963938106489074
  },
  "XGBoost": {
    "R2": 0.9970343178007608,
    "RMSE": 0.04093712698256238,
    "MAE": 0.01617987149887347,
    "CV_R2": 0.9979224426295792
  },
  "LightGBM": {
    "R2": 0.9956866569532401,
    "RMSE": 0.049369878074136876,
    "MAE": 0.018528981509720235,
    "CV_R2": 0.9970458872640122
  },
  "CatBoost": {
    "R2": 0.9969654332668403,
    "RMSE": 0.0414098255676145,
    "MAE": 0.02504792259094305,
    "CV_R2": 0.9959750950791044
  },
  "GradientBoosting": {
    "R2": 0.9983298066116758,
    "RMSE": 0.030721218340458073,
    "MAE": 0.012502763270012505,
    "CV_R2": 0.9983526448760831
  },
  "ExtraTrees": {
    "R2": 0.9980410820212873,
    "RMSE": 0.03327079519541087,
    "MAE": 0.017148252612674778,
    "CV_R2": 0.9979299164362327
  },
  "NeuralNet": {
    "R2": 0.9254743189395472,
    "RMSE": 0.2052144942520292,
    "MAE": 0.15866828267494612,
    "CV_R2": 0.9254743189395472
  },
  "XGB_tuned": {
    "R2": 0.9971918443503103,
    "RMSE": 0.03983507534148549,
    "MAE": 0.0165968732361445
  },
  "LGBM_tuned": {
    "R2": 0.9956290142274934,
    "RMSE": 0.0496986682468683,
    "MAE": 0.01998312471932528
  },
  "CB_tuned": {
    "R2": 0.9992538866241213,
    "RMSE": 0.02053323926245838,
    "MAE": 0.01431113376958714
  },
  "Voting": {
    "R2": 0.9983685620806069,
    "RMSE": 0.030362695980484872,
    "MAE": 0.01259168113303427
  },
  "Weighted_Voting": {
    "R2": 0.9983709185791741,
    "RMSE": 0.030340759655318933,
    "MAE": 0.012586707110745176
  },
  "Stacking": {
    "R2": 0.9990017718565666,
    "RMSE": 0.0237503470350171,
    "MAE": 0.011672109140529064
  },
  "Blended": {
    "R2": 0.9991695669803393,
    "RMSE": 0.02166243933454014,
    "MAE": 0.011971547940407293
  }
}